{"cameraMode":{"drawMode":0,"name":"Shaded","section":"Shading Mode"},"sceneLighting":false,"audioPlay":false,"sceneViewState":{"m_AlwaysRefresh":false,"showFog":true,"showSkybox":false,"showFlares":true,"showImageEffects":true,"showParticleSystems":true,"showVisualEffectGraphs":true,"m_FxEnabled":true},"in2DMode":false,"pivot":{"x":-2.9802322387695315e-8,"y":0.3279425799846649,"z":0.23552581667900086},"rotation":{"x":0.013090058229863644,"y":0.9842790365219116,"z":-0.08165470510721207,"w":0.15476854145526887},"size":0.7216023802757263,"orthographic":false}