{"cameraMode":{"drawMode":0,"name":"Shaded","section":"Shading Mode"},"sceneLighting":false,"audioPlay":false,"sceneViewState":{"m_AlwaysRefresh":false,"showFog":true,"showSkybox":false,"showFlares":true,"showImageEffects":true,"showParticleSystems":true,"showVisualEffectGraphs":true,"m_FxEnabled":true},"in2DMode":false,"pivot":{"x":-1.7042338848114014,"y":1.083046555519104,"z":1.357259750366211},"rotation":{"x":0.036367882043123248,"y":0.9433074593544006,"z":-0.10965054482221604,"w":0.3104615807533264},"size":0.6234286427497864,"orthographic":false}