{"cameraMode":{"drawMode":0,"name":"Shaded","section":"Shading Mode"},"sceneLighting":false,"audioPlay":false,"sceneViewState":{"m_AlwaysRefresh":false,"showFog":true,"showSkybox":false,"showFlares":true,"showImageEffects":true,"showParticleSystems":true,"showVisualEffectGraphs":true,"m_FxEnabled":true},"in2DMode":false,"pivot":{"x":-0.1305381953716278,"y":0.4266000986099243,"z":0.015090919099748135},"rotation":{"x":0.018668565899133683,"y":0.8600446581840515,"z":-0.03112391196191311,"w":0.5085185766220093},"size":0.7216023802757263,"orthographic":false}