{"cameraMode":{"drawMode":0,"name":"Shaded","section":"Shading Mode"},"sceneLighting":false,"audioPlay":false,"sceneViewState":{"m_AlwaysRefresh":false,"showFog":true,"showSkybox":false,"showFlares":true,"showImageEffects":true,"showParticleSystems":true,"showVisualEffectGraphs":true,"m_FxEnabled":true},"in2DMode":false,"pivot":{"x":-0.21927905082702638,"y":-0.6418106555938721,"z":-0.2562137544155121},"rotation":{"x":0.23216180503368379,"y":-0.6543439030647278,"z":0.2219311147928238,"w":0.6844689249992371},"size":1.6600894927978516,"orthographic":false}