{"cameraMode":{"drawMode":0,"name":"Shaded","section":"Shading Mode"},"sceneLighting":true,"audioPlay":false,"sceneViewState":{"m_AlwaysRefresh":false,"showFog":true,"showSkybox":true,"showFlares":true,"showImageEffects":true,"showParticleSystems":true,"showVisualEffectGraphs":true,"m_FxEnabled":true},"in2DMode":false,"pivot":{"x":17.962186813354493,"y":-4.919638633728027,"z":51.147865295410159},"rotation":{"x":0.19755984842777253,"y":-0.09393913298845291,"z":0.019053755328059198,"w":0.9755613803863525},"size":12.336153984069825,"orthographic":false}