{"cameraMode":{"drawMode":0,"name":"Shaded","section":"Shading Mode"},"sceneLighting":false,"audioPlay":false,"sceneViewState":{"m_AlwaysRefresh":false,"showFog":true,"showSkybox":false,"showFlares":true,"showImageEffects":true,"showParticleSystems":true,"showVisualEffectGraphs":true,"m_FxEnabled":true},"in2DMode":false,"pivot":{"x":-0.06145928427577019,"y":0.4042397439479828,"z":0.26312950253486636},"rotation":{"x":0.12357679009437561,"y":-0.7880952954292297,"z":0.16824392974376679,"w":0.5789860486984253},"size":0.7216023802757263,"orthographic":false}